Campaign,Callout text
MD | Search | Insulin Resistance,Free Educational Guides
MD | Search | Insulin Resistance,Nonprofit Health Guides
MD | Search | Insulin Resistance,Plain-Language Resources
MD | Search | Insulin Resistance,Sources Included
MD | Search | Insulin Resistance,Educational Support Only
MD | Search | Insulin Resistance,No Medical Diagnosis
MD | Search | A1C Education,Free Educational Guides
MD | Search | A1C Education,Nonprofit Health Guides
MD | Search | A1C Education,Plain-Language Resources
MD | Search | A1C Education,Sources Included
MD | Search | A1C Education,Educational Support Only
MD | Search | A1C Education,No Medical Diagnosis
MD | Search | Post-Meal Blood Sugar,Free Educational Guides
MD | Search | Post-Meal Blood Sugar,Nonprofit Health Guides
MD | Search | Post-Meal Blood Sugar,Plain-Language Resources
MD | Search | Post-Meal Blood Sugar,Sources Included
MD | Search | Post-Meal Blood Sugar,Educational Support Only
MD | Search | Post-Meal Blood Sugar,No Medical Diagnosis
MD | Search | Fasting Glucose,Free Educational Guides
MD | Search | Fasting Glucose,Nonprofit Health Guides
MD | Search | Fasting Glucose,Plain-Language Resources
MD | Search | Fasting Glucose,Sources Included
MD | Search | Fasting Glucose,Educational Support Only
MD | Search | Fasting Glucose,No Medical Diagnosis
MD | Search | Type 3 Diabetes,Free Educational Guides
MD | Search | Type 3 Diabetes,Nonprofit Health Guides
MD | Search | Type 3 Diabetes,Plain-Language Resources
MD | Search | Type 3 Diabetes,Sources Included
MD | Search | Type 3 Diabetes,Educational Support Only
MD | Search | Type 3 Diabetes,No Medical Diagnosis
